<?xml version="1.0" encoding="UTF-8" standalone="yes"?>
<addon id="plugin.video.iplayerwww" name="iPlayer WWW" version="4.1.2" provider-name="CaptainT, Cas, ihurst, primaeval, ">
  <requires>
    <import addon="xbmc.python" version="3.0.0"/>
    <import addon="script.module.requests" version="2.7.0"/>
    <import addon="inputstream.adaptive" version="2.6.0"/>
    <import addon="script.module.pytz"/>
    <import addon="script.module.tzlocal"/>
    <import addon="resource.images.iplayerwww" version="1.0.0"/>
  </requires>
  <extension point="xbmc.python.pluginsource" library="default.py">
        <provides>audio video</provides>
  </extension>
  <extension point="xbmc.addon.metadata">
    <summary lang="en_GB">TV and Radio from BBC iPlayer</summary>
    <description lang="en_GB">This add-on enables playing of Live and Catchup TV (UK only) and Radio content (UK or international) from the BBC iPlayer website. It is not created, maintained or in any way affiliated with the BBC. The add-on only provides an interface to access the BBC iPlayer website from Kodi.</description>
    <platform>all</platform>
    <license>GPL-2.0-or-later</license>
    <forum>https://forum.kodi.tv/showthread.php?tid=353349</forum>
    <source>https://github.com/vonH/plugin.video.iplayerwww</source>
    <disclaimer lang="en_GB">This add-on is a front end to the BBC iPlayer website. It is not an official BBC product. A UK TV Licence is required to watch the live, catch-up, or on-demand TV content.</disclaimer>
    <assets>
        <icon>resources/icon.png</icon>
        <fanart>resources/fanart.jpg</fanart>
    </assets>
    <news>
v4.1.2
Watching now is Continue Watching.
Added now is Watchlist.
Fixes for rare issue with Continue Watching.
Fix for rare issue with Highlight listings.

Known issues:
- No Red Button
   </news>
  </extension>
</addon>
