<?xml version="1.0" encoding="UTF-8" standalone="yes"?>
<addon id="service.librarywatchdog" name="Library Watchdog" version="1.1.1" provider-name="takoi, Ross Nicholson">
    <requires>
        <import addon="xbmc.python" version="3.0.0"/>
        <import addon="script.module.watchdog" version="0.10.2"/>
    </requires>
    <extension point="xbmc.service" library="service.py"/>
    <extension point="xbmc.python.script" library="script.py"/>
    <extension point="xbmc.addon.metadata">
        <summary lang="en_GB">Instant library update on file system changes</summary>
        <description lang="en_GB">Library Watchdog will watch your media sources for changes and automatically update the library when new files are added or removed. Update is instant.</description>
        <platform>all</platform>
        <license>GPL-3.0-or-later</license>
        <forum>https://forum.kodi.tv/showthread.php?tid=128896</forum>
        <source>https://github.com/phunkyfish/xbmc-addon-watchdog</source>
        <assets>
            <icon>icon.png</icon>
        </assets>
        <news>
v1.1.1
- Fix startup error

v1.1.0
- Update dependencies
- Enable virtual filesystems nby fixing py3 unicode issues
- Update abortRequested() API calls

v1.0.0
- Remove script.module.pathtools and script.module.watchdog so they are correctly referenced upstream

v0.9.8
- convert addon to work on py3

v0.9.7
- increased number of possible custom sources to 10
        </news>
    </extension>
</addon>
