<?xml version="1.0" encoding="UTF-8" standalone="yes"?>
<addon id="plugin.video.tubed" name="Tubed" version="2.0.0" provider-name="anxdpanic">
    <requires>
        <import addon="xbmc.python" version="3.0.0"/>
        <import addon="inputstream.adaptive"/>
        <import addon="script.module.arrow" version="0.15.5+matrix.1"/>
        <import addon="script.module.requests" version="2.22.0+matrix.1"/>
        <import addon="script.module.pyxbmct" version="1.3.1+matrix.1"/>
        <import addon="script.module.infotagger" version="0.0.5"/>
        <import addon="script.module.tubed.api" version="2.0.0"/>
    </requires>
    <extension point="xbmc.python.pluginsource" library="resources/lib/addon.py">
        <provides>video</provides>
    </extension>
    <extension point="xbmc.python.script" library="resources/lib/script.py"/>
    <extension point="xbmc.service" library="resources/lib/service.py"/>
    <extension point="xbmc.addon.metadata">
        <news>
- updated for Kodi Nexus v20
- removed support for Kodi Matrix v19
- updated translations from Weblate
        </news>
        <assets>
            <icon>resources/media/icon.png</icon>
            <fanart>resources/media/fanart.jpg</fanart>
        </assets>
        <platform>all</platform>
        <license>GPL-2.0-only</license>
        <source>https://github.com/anxdpanic/plugin.video.tubed</source>
        <website>https://panicked.xyz/tubed/</website>
        <forum>https://tubedaddon.panicked.xyz/forum</forum>
        <reuselanguageinvoker>true</reuselanguageinvoker>
        <summary lang="da_DK">Se dit yndlings YouTube-indhold i Kodi</summary>
        <summary lang="de_DE">Lieblingsinhalte von YouTube in Kodi ansehen</summary>
        <summary lang="el_GR">Δείτε το αγαπημένο σας περιεχόμενο από το Youtube στο Kodi</summary>
        <summary lang="en_GB">Watch your favorite YouTube content on Kodi</summary>
        <summary lang="es_MX">Mira tu contenido favorito de YouTube en Kodi</summary>
        <summary lang="fi_FI">Katso YouTube-suosikkisisältöäsi Kodissa</summary>
        <summary lang="it_IT">Guarda i tuoi contenuti YouTube preferiti su Kodi</summary>
        <summary lang="nl_NL">Kijk jouw favoriete YouTube content via Kodi</summary>
        <summary lang="pl_PL">Ulubione</summary>
        <summary lang="pt_BR">Assista aos seus conteúdos favoritos do Youtube no Kodi</summary>
        <summary lang="pt_PT">Visualizar o seu conteúdo preferido do Youtube no Kodi</summary>
        <summary lang="ro_RO">Urmărește conținutul Youtube favorit în Kodi</summary>
        <summary lang="ru_RU">Смотрите свои любимые видео с Youtube в Kodi</summary>
        <summary lang="zh_TW">在Kodi上觀看您最喜歡的YouTube內容</summary>
        <description lang="da_DK">Gennemse dit yndlingsindhold fra YouTube: opret, slet og omdøb playlister, abonner eller afmeld dine yndlingskanaler og bedøm dine yndlingsvideoer.</description>
        <description lang="de_DE">Lieblingsinhalte von YouTube in Kodi ansehen, Wiedergabelisten erstellen, löschen, umbenennen, Lieblingskanäle abonnieren und deabonnieren, Videos bewerten.</description>
        <description lang="el_GR">Περιηγηθείτε στο αγαπημένο σας περιεχόμενο στο Kodi, δημιουργήστε, διαγράψτε, μετονομάστε λίστες αναπαραγωγής, εγγραφτείτε στα αγαπημένα σας κανάλια, βαθμολογείστε τα αγαπημένα σας βίντεο.</description>
        <description lang="en_GB">Browse your favorite content from YouTube; create, delete, and rename playlists; subscribe or unsubscribe from your favorite channels; and rate your favorite videos.</description>
        <description lang="es_MX">Navega tu contenido favorito desde YouTube; crea, elimina y renombra listas de reproducción; suscríbete o desuscríbete de tus canales favoritos; y valora tus videos favoritos.</description>
        <description lang="fi_FI">Selaa YouTube-suosikkisisältöäsi, luo, poista ja nimeä soittolistoja, tilaa kanavia tai lopeta niiden tilauksia ja arvioi suosikkivideosi.</description>
        <description lang="it_IT">Sfoglia i tuoi contenuti preferiti da YouTube; crea, elimina e rinomina le playlist; iscriviti o cancellati dai tuoi canali preferiti; vota i tuoi video preferiti.</description>
        <description lang="pl_PL">Ulubione; utwórz; usuń; zmień nazwę; subskrybuj lub usuń subskrypcję; oceń wideo</description>
        <description lang="pt_BR">Navegue pelo seu conteúdo favorito do YouTube; criar, excluir e renomear listas de reprodução; inscreva-se ou cancele a inscrição de seus canais favoritos; e avalie seus vídeos favoritos.</description>
        <description lang="pt_PT">Assista ao seu conteúdo preferido do Youtube; Crie, remova ou edite listas de reprodução; subscreva ou remova a subscrição para os seus canais favoritos; classifique os seus vídeos favoritos.</description>
        <description lang="ro_RO">Răsfoiește conținutul favorit de pe Youtube; creează, șterge și redenumește liste; abonează-te sau dezabonează-te de la canalele favorite; evaluează clipurile favorite.</description>
        <description lang="ru_RU">Просматривайте любимый контент с YouTube; создавайте, удаляйте, и переименовывайте плейлисты; подписывайтесь или отписывайтесь на каналы; оценивайте любимые видео.</description>
        <description lang="zh_TW">從YouTube瀏覽您喜歡的內容；新建，刪除和重命名播放列表；訂閱或取消訂閱您喜歡的頻道；對您喜歡的視頻進行評分。</description>
        <disclaimer lang="da_DK">Tubed&apos;s brug af oplysninger modtaget fra Google API overholder brugerdatapolitikken for Google API-tjenester, herunder kravene til begrænset brug. For mere information om, hvordan dine data håndteres, se Tubed&apos;s privatlivspolitik på https://panicked.xyz/tubed-privacy/</disclaimer>
        <disclaimer lang="de_DE">Tubed verwendet Informationen der Google-APIs unter Einhaltung der Google API Services User Data Policy, inklusive der „Limited Use“ Voraussetzungen. Für weitere Informationen zur Verarbeitung persönlicher Daten bitte Tubeds Datenschutzbestimmungen einsehen unter https://panicked.xyz/tubed-privacy/</disclaimer>
        <disclaimer lang="el_GR">Το Tubed κάνει χρήση πληροφοριών που λαμβάνονται από το API της Google και ακολουθεί της οδηγίες της πολιτικής χρήσης για τα προσωπικά δεδομένα της Google, συμπεριλαμβανομένου και τις απαιτήσεις περιορισμένης χρήσης. Για περισσότερες πληροφορίες και το πως επεξεργάζονται τα δεδομένα παρακαλώ δείτε την πολιτική απορρήτου του Tubed εδώ: https://panicked.xyz/tubed-privacy/</disclaimer>
        <disclaimer lang="en_GB">Tubed&apos;s use of information received from Google APIs will adhere to the Google API Services User Data Policy, including the Limited Use requirements. For more information on how your data is handled see Tubed&apos;s Privacy Policy at https://panicked.xyz/tubed-privacy/</disclaimer>
        <disclaimer lang="es_MX">El uso de Tubed de la información recibida mediante las API de Google se adherirá a la Política de datos de usuario de los servicios de API de Google, incluidos los requisitos de uso limitado. Para obtener más información sobre cómo se manejan tus datos, consulta la Política de privacidad de Tubed en https://panicked.xyz/tubed-privacy/</disclaimer>
        <disclaimer lang="fi_FI">Tubed-lisäosan Googlen rajapinnoilta vastaanottamien tietojen käytössä noudatetaan Google API Services User Data Policy -käytäntöä, mukaan lukien rajoitetun käytön vaatimukset. Lisätietoja tietojesi käsittelystä löytyy Tubed-lisäosan tietosuojakäytännöstä, osoitteesta https://panicked.xyz/tubed-privacy/</disclaimer>
        <disclaimer lang="it_IT">L&apos;utilizzo da parte di Tubed delle informazioni ricevute dalle API di Google rispetterà le Norme sui dati degli utenti dei servizi API di Google, inclusi i requisiti di utilizzo limitato. Per ulteriori informazioni su come vengono gestiti i tuoi dati, consulta l&apos;Informativa sulla privacy di Tubed all&apos;indirizzo https://panicked.xyz/tubed-privacy/</disclaimer>
        <disclaimer lang="pl_PL">Wykorzystanie przez Tubed informacji otrzymanych z interfejsów API Google będzie zgodne z Zasadami dotyczącymi danych użytkownika usług API Google, w tym z wymaganiami dotyczącymi ograniczonego użytkowania. Aby uzyskać więcej informacji o tym, jak obchodzimy się z Twoimi danymi, zapoznaj się z Polityką prywatności Tubed pod adresem https://panicked.xyz/tubed-privacy/</disclaimer>
        <disclaimer lang="pt_BR">Tubed&apos;s informações recebidas das APIs do Google obedecerá à Política de dados do usuário dos serviços de API do Google, incluindo os requisitos de uso limitado. Para obter mais informações sobre como seus dados são tratados, consulte a Política de privacidade da Tubed em https://panicked.xyz/tubed-privacy/</disclaimer>
        <disclaimer lang="pt_PT">A utilização de informação recebida pelas APIs da Google pelo Tubed respeita os termos de utilização de dados da Google, incluíndo os requisitos limitados de utilização. Para mais informação relativa à utilização dos seus dados consulte a política de privacidade do Tubed em https://panicked.xyz/tubed-privacy/</disclaimer>
        <disclaimer lang="ro_RO">Utilizarea informațiilor primite de la API-urile Google prin Tubed va adera la politicile Google legate de datele utilizatorilor, inclusiv cerințele de Utilizare Limitată. Pentru mai multe informații despre cum sunt folosite datele utilizatorilor vezi Politica de Confidențialitate a Tubed la https://panicked.xyz/tubed-privacy/</disclaimer>
        <disclaimer lang="ru_RU">Использование Tubed информации, полученной от Google API, будет соответствовать Политике в отношении пользовательских данных служб Google API, включая требования ограниченного использования. Для получения дополнительной информации о том, как обрабатываются ваши данные, см. Политику конфиденциальности Tubed по адресу https://panicked.xyz/tubed-privacy/</disclaimer>
        <disclaimer lang="zh_TW">Tubed對從Google API收到的訊息的使用將遵守Google API服務用戶數據政策，包括“限制使用”要求。有關如何處理數據的更多信息，請參見Tubed的隱私政策，網址為https://panicked.xyz/tubed-privacy/</disclaimer>
    </extension>
</addon>
