<?xml version="1.0" encoding="UTF-8" standalone="yes"?>
<addon id="slyguy.samsung.tv.plus" name="Samsung TV Plus" provider-name="SlyGuy" version="0.1.16">
  <requires>
    <import addon="script.module.slyguy" version="0.63.1"/>
  </requires>
  <extension point="xbmc.python.pluginsource" library="default.py" provides="video">
    <provides>video</provides>
  </extension>
  <extension point="xbmc.addon.metadata">
    <description lang="en">Just free TV. Whether you're a news buff, sports fan, gamer, an aspiring chef, or need something for the kids, Samsung TV Plus offers TV that everyone can enjoy.</description>
    <reuselanguageinvoker>true</reuselanguageinvoker>
    <license></license>
    <language></language>
    <website></website>
    <news>Hide Widevine channels</news>
    <assets>
      <icon>icon.png</icon>
      <fanart>fanart.jpg</fanart>
    </assets>
  </extension>
</addon>
