<dir>
	<title>40 Acres & A Mule Filmworks</title>
	<tmdb>company/movies/4319</tmdb>
</dir>

<dir>
	<title>Columbia Pictures</title>
	<tmdb>company/movies/5</tmdb>
</dir>

<dir>
	<title>Columbia TriStar</title>
	<tmdb>company/movies/177</tmdb>
</dir>

<dir>
	<title>Destination Films</title>
	<tmdb>company/movies/769</tmdb>
</dir>

<dir>
	<title>Dimension Films</title>
	<tmdb>company/movies/7405</tmdb>
</dir>

<dir>
	<title>Disney</title>
	<tmdb>company/movies/6421</tmdb>
</dir>

<dir>
	<title>DreamWorks</title>
	<tmdb>company/movies/7</tmdb>
</dir>

<dir>
	<title>DreamWorks Animation</title>
	<tmdb>company/movies/521</tmdb>
</dir>

<dir>
	<title>DreamWorks Pictures</title>
	<tmdb>company/movies/7293</tmdb>
</dir>

<dir>
	<title>DreamWorks SKG</title>
	<tmdb>company/movies/27</tmdb>
</dir>

<dir>
	<title>Focus Features</title>
	<tmdb>company/movies/10146</tmdb>
</dir>

<dir>
	<title>Fox Searchlight Pictures</title>
	<tmdb>company/movies/43</tmdb>
</dir>

<dir>
	<title>Hallmark Hall of Fame Productions</title>
	<tmdb>company/movies/9027</tmdb>
</dir>

<dir>
	<title>Happy Madison Productions</title>
	<tmdb>company/movies/2608</tmdb>
</dir>

<dir>
	<title>IFC Films</title>
	<tmdb>company/movies/307</tmdb>
</dir>

<dir>
	<title>Legendary Pictures</title>
	<tmdb>company/movies/923</tmdb>
</dir>

<dir>
	<title>Lions Gate Entertainments</title>
	<tmdb>company/movies/7035</tmdb>
</dir>

<dir>
	<title>Lions Gate Family Entertainment</title>
	<tmdb>company/movies/6574</tmdb>
</dir>

<dir>
	<title>Lucasfilm</title>
	<tmdb>company/movies/1</tmdb>
</dir>

<dir>
	<title>Magnolia Pictures</title>
	<tmdb>company/movies/1030</tmdb>
</dir>

<dir>
	<title>Marvel Studios</title>
	<tmdb>company/movies/420</tmdb>
</dir>

<dir>
	<title>Metro-Goldwyn-Mayer (MGM)</title>
	<tmdb>company/movies/8411</tmdb>
</dir>

<dir>
	<title>New Line Cinema</title>
	<tmdb>company/movies/12</tmdb>
</dir>

<dir>
	<title>Original Film</title>
	<tmdb>company/movies/333</tmdb>
</dir>

<dir>
	<title>Paramount Pictures</title>
	<tmdb>company/movies/4</tmdb>
</dir>

<dir>
	<title>Pixar Animation</title>
	<tmdb>company/movies/3</tmdb>
</dir>

<dir>
	<title>Screen Gems</title>
	<tmdb>company/movies/3287</tmdb>
</dir>

<dir>
	<title>Sony Pictures</title>
	<tmdb>company/movies/34</tmdb>
</dir>

<dir>
	<title>Sony Pictures Entertainment</title>
	<tmdb>company/movies/5752</tmdb>
</dir>

<dir>
	<title>Spyglass Entertainment</title>
	<tmdb>company/movies/158</tmdb>
</dir>

<dir>
	<title>Summit Entertainment</title>
	<tmdb>company/movies/491</tmdb>
</dir>

<dir>
	<title>The Weinstein Company</title>
	<tmdb>company/movies/308</tmdb>
</dir>

<dir>
	<title>Touchstone Pictures</title>
	<tmdb>company/movies/9195</tmdb>
</dir>

<dir>
	<title>Twentieth Century Fox Film Corporation</title>
	<tmdb>company/movies/306</tmdb>
</dir>

<dir>
	<title>United Artists</title>
	<tmdb>company/movies/60</tmdb>
</dir>

<dir>
	<title>Universal Animation Studios</title>
	<tmdb>company/movies/5556</tmdb>
</dir>

<dir>
	<title>Universal Cartoon Studios</title>
	<tmdb>company/movies/4285</tmdb>
</dir>

<dir>
	<title>Universal Studios</title>
	<tmdb>company/movies/13</tmdb>
</dir>

<dir>
	<title>Walt Disney Animation Studios</title>
	<tmdb>company/movies/6125</tmdb>
</dir>

<dir>
	<title>Walt Disney Production</title>
	<tmdb>company/movies/6470</tmdb>
</dir>

<dir>
	<title>Walt Disney Productions</title>
	<tmdb>company/movies/3166</tmdb>
</dir>

<dir>
	<title>Warner Bros.</title>
	<tmdb>company/movies/6194</tmdb>
</dir>

<dir>
	<title>Warner Bros. Animation</title>
	<tmdb>company/movies/2785</tmdb>
</dir>

<dir>
	<title>Warner Bros. Entertainment</title>
	<tmdb>company/movies/17</tmdb>
</dir>

<dir>
	<title>Warner Bros. Pictures</title>
	<tmdb>company/movies/174</tmdb>
</dir>

