<?xml version="1.0" encoding="UTF-8" standalone="yes"?>
<addon id="plugin.video.prb-avss" name="AVSS" version="1.0.1" provider-name="Phantom Raspberry Blower">
  <requires>
    <import addon="xbmc.python" version="3.0.0"/>
  </requires>
  <extension point="xbmc.python.pluginsource" library="addon.py">
    <provides>video</provides>
  </extension>
  <extension point="xbmc.addon.metadata">
    <summary>Audio Video Streaming Service</summary>
    <description>Turns a Raspberry Pi into a audio video streaming service that can either live stream to Facebook or broadcast using UDP. This addon is used to test the stream via UDP before going live.</description>
    <disclaimer>[COLOR red][B]Phantom Raspberry Blower[/B][/COLOR] does not host or distribute any of the content provided by this addon. Does not have any affiliation with the content provider and accepts no responsibility for the included addon.</disclaimer>
    <platform>all</platform>
    <language></language>
    <license>GNU GENERAL PUBLIC LICENSE. Version 2, June 1991</license>
    <forum></forum>
    <website></website>
    <assets>
      <icon>icon.png</icon>
    </assets>
    <news>Beta version.</news>
    <email></email>
    <source>https://github.com/PhantomRaspberryBlower/repository.prb-entertainment-pack-matrix/tree/master/plugin.video.prb-avss</source>
  </extension>
</addon>
