<dir>
	<title>Trending Shows</title>
	<trakt>https://api.trakt.tv/shows/trending</trakt>
</dir>

<dir>
	<title>Popular Shows</title>
	<trakt>https://api.trakt.tv/shows/popular</trakt>
</dir>

<dir>
	<title>TV Watchlist</title>
	<trakt>https://api.trakt.tv/sync/watchlist/shows</trakt>
</dir>

<dir>
	<title>TV Collection</title>
	<trakt>https://api.trakt.tv/sync/collection/shows</trakt>
</dir>

<dir>
	<title>TMDB Popular</title>
	<tmdb>tv/popular</tmdb>
</dir>

<dir>
	<title>TMDB Top Rated</title>
	<tmdb>tv/top_rated</tmdb>
</dir>

<dir>
	<title>TMDB Airing Today</title>
	<tmdb>tv/today</tmdb>
</dir>

<dir>
	<title>TMDB Animation Shows</title>
	<tmdb>genre/shows/16</tmdb>
</dir>

<dir>
	<title>TMDB Reality Shows</title>
	<tmdb>genre/shows/10764</tmdb>
</dir>
