<?xml version="1.0" encoding="UTF-8" standalone="yes"?>
<addon id="script.module.youtube.dl" name="youtube-dl Control" version="21.303.1a" provider-name="Phantom Raspberry Blower">
    <requires>
        <import addon="xbmc.python" version="3.0.0"/>
        <import addon="script.module.addon.signals" version="0.0.5"/>
        <import addon="script.module.kodi-six" version="0.1.3"/>
    </requires>
    <extension point="xbmc.python.script" library="control.py">
        <provides>executable</provides>
    </extension>
    <extension point="xbmc.python.module" library="lib" />
    <extension point="xbmc.addon.metadata">
        <summary lang="en_GB">Module providing access to youtube-dl video stream extraction</summary>
        <description lang="en_GB">Module providing access to youtube-dl video stream extraction for hundreds of sites. Version is based on youtube-dl date version: YY.MDD.V where V is the addon specific sub-version. Also provides downloading with the option for background downloading with a queue and queue manager.</description>
        <summary lang="el_EL">Βοηθητική μονάδα πρόσβασης στους επιλυτές youtube-dl για την εξαγωγή ροών βίντεο</summary>
        <description lang="el_EL">Βοηθητική μονάδα πρόσβασης στους επιλυτές youtube-dl για την εξαγωγή ροών βίντεο από εκατοντάδες ιστότοπους. Η έκδοση βασίζεται στην έκδοση ημερομηνίας του youtube-dl: EE.MHH.EK όπου ΕΚ η υπό-έκδοση συγκεκριμένα για το πρόσθετο. Επιπλέον δίνει δυνατότητα μεταφόρτωσης στο παρασκήνιο με ουρά και διαχειριστή αυτής.</description>
        <summary lang="es_ES">Módulo que proporciona acceso a YouTube-dl para la extracción de flujos de video</summary>
        <description lang="es_ES">Módulo que proporciona acceso a YouTube-dl para la extracción de flujos de video de cientos de sitios. La versión está basada en la versión de fecha youtube-dl: YY.MDD.V donde V es la subversión específica del complemento. También permite descargas con la opción de descarga en segundo plano con una cola y un administrador de colas.</description>
    <platform>all</platform>
    <language>en de fr es it</language>
    <license>GPL-2.0-or-later</license>
    <forum></forum>
    <website></website>
    <lifecyclestate type="normal" lang="en_GB">Works with Kodi v19 (matrix)</lifecyclestate>
    <lifecyclestate type="normal" lang="de_DE">Funktioniert mit Kodi v19 (matrix)</lifecyclestate>
    <lifecyclestate type="normal" lang="es_ES">Funciona con Kodi v19 (matrix)</lifecyclestate>
    <lifecyclestate type="normal" lang="fr_FR">Fonctionne avec Kodi v19 (matrix)</lifecyclestate>
    <lifecyclestate type="normal" lang="it_IT">Funziona con Kodi v19 (matrix)</lifecyclestate>
    <broken></broken>
    <email></email>
        <assets>
            <icon>icon.png</icon>
        </assets>
    <news>Updated to Kodi v19 (matrix) and code to Python 3.</news>
    <source>https://github.com/PhantomRaspberryBlower/repository.prb-entertainment-pack-matrix/tree/master/script.module.youtube.dl</source>
    </extension>
</addon>
