<?xml version="1.0" encoding="UTF-8"?>
<fonts>
	<fontset id="Default" idloc="31390">
		<!-- Normal Fonts -->
		<font>
			<name>font10</name>
			<filename>Roboto-Regular.ttf</filename>
			<size>14</size>
		</font>
		<font>
			<name>font12</name>
			<filename>Roboto-Regular.ttf</filename>
			<size>17</size>
		</font>
		<font>
			<name>font13</name>
			<filename>Roboto-Regular.ttf</filename>
			<size>20</size>
		</font>
		<font>
			<name>font14</name>
			<filename>Roboto-Regular.ttf</filename>
			<size>22</size>
		</font>
		<font>
			<name>font16</name>
			<filename>Roboto-Regular.ttf</filename>
			<size>25</size>
		</font>
		<font>
			<name>font30</name>
			<filename>Roboto-Regular.ttf</filename>
			<size>30</size>
		</font>
		<font>
			<name>fontContextMenu</name>
			<filename>Roboto-Regular.ttf</filename>
			<size>18</size>
		</font>
		<!-- Title Fonts -->
		<font>
			<name>font10_title</name>
			<filename>Roboto-Bold.ttf</filename>
			<size>12</size>
		</font>
		<font>
			<name>font12_title</name>
			<filename>Roboto-Bold.ttf</filename>
			<size>17</size>
		</font>
		<font>
			<name>font13_title</name>
			<filename>Roboto-Bold.ttf</filename>
			<size>20</size>
		</font>
		<font>
			<name>font24_title</name>
			<filename>Roboto-Bold.ttf</filename>
			<size>24</size>
		</font>
		<font>
			<name>font28_title</name>
			<filename>Roboto-Bold.ttf</filename>
			<size>28</size>
		</font>
		<font>
			<name>font30_title</name>
			<filename>Roboto-Bold.ttf</filename>
			<size>30</size>
		</font>
		<font>
			<name>font35_title</name>
			<filename>Roboto-Bold.ttf</filename>
			<size>35</size>
		</font>
		<font>
			<name>font_MainMenu</name>
			<filename>Roboto-Bold.ttf</filename>
			<size>40</size>
		</font>
		<font>
			<name>WeatherTemp</name>
			<filename>Roboto-Bold.ttf</filename>
			<size>80</size>
		</font>

        <!-- OSMC Add-ons Fonts|Start -->
        <!-- OSMC Add-ons Fonts|>720p -->

        <font>
            <name>osmc_addon_XLarge</name>
            <filename>NotoSans-Regular.ttf</filename>
            <linespacing>0.94</linespacing>
            <size>48</size>
            </font>
        <font>
            <name>osmc_addon_Large</name>
            <filename>NotoSans-Regular.ttf</filename>
            <linespacing>0.94</linespacing>
            <size>43</size>
            </font>
        <font>
            <name>osmc_addon_Med</name>
            <filename>NotoSans-Regular.ttf</filename>
            <linespacing>0.94</linespacing>
            <size>38</size>
            </font>
        <font>
            <name>osmc_addon_Small</name>
            <filename>NotoSans-Regular.ttf</filename>
            <linespacing>0.94</linespacing>
            <size>33</size>
            </font>
        <font>
            <name>osmc_addon_XSmall</name>
            <filename>NotoSans-Regular.ttf</filename>
            <linespacing>0.94</linespacing>
            <size>28</size>
            </font>
        <font>
            <name>osmc_addon_font13</name>
            <filename>Arial.ttf</filename>
            <linespacing>0.94</linespacing>
            <size>21</size>
        </font>

        <!-- OSMC Add-ons Fonts|720p -->

        <font>
            <name>osmc_addon_720_XLarge</name>
            <filename>NotoSans-Regular.ttf</filename>
            <linespacing>0.94</linespacing>
            <size>32</size>
        </font>
        <font>
            <name>osmc_addon_720_Large</name>
            <filename>NotoSans-Regular.ttf</filename>
            <linespacing>0.94</linespacing>
            <size>29</size>
        </font>
        <font>
            <name>osmc_addon_720_Med</name>
            <filename>NotoSans-Regular.ttf</filename>
            <linespacing>0.94</linespacing>
            <size>25</size>
        </font>
        <font>
            <name>osmc_addon_720_Small</name>
            <filename>NotoSans-Regular.ttf</filename>
            <linespacing>0.94</linespacing>
            <size>22</size>
        </font>
        <font>
            <name>osmc_addon_720_XSmall</name>
            <filename>NotoSans-Regular.ttf</filename>
            <linespacing>0.94</linespacing>
            <size>19</size>
        </font>
        <font>
            <name>osmc_addon_720_font13</name>
            <filename>Arial.ttf</filename>
            <linespacing>0.94</linespacing>
            <size>14</size>
        </font>

        <!-- OSMC Add-ons Fonts|End -->

	</fontset>
	<fontset id="Massive" idloc="15110">
		<!-- Normal Fonts -->
		<font>
			<name>font10</name>
			<filename>Roboto-Regular.ttf</filename>
			<size>14</size>
		</font>
		<font>
			<name>font12</name>
			<filename>Roboto-Regular.ttf</filename>
			<size>23</size>
		</font>
		<font>
			<name>font13</name>
			<filename>Roboto-Regular.ttf</filename>
			<size>25</size>
		</font>
		<font>
			<name>font14</name>
			<filename>Roboto-Regular.ttf</filename>
			<size>25</size>
		</font>
		<font>
			<name>font16</name>
			<filename>Roboto-Regular.ttf</filename>
			<size>25</size>
		</font>
		<font>
			<name>font30</name>
			<filename>Roboto-Regular.ttf</filename>
			<size>30</size>
		</font>
		<font>
			<name>fontContextMenu</name>
			<filename>Roboto-Regular.ttf</filename>
			<size>25</size>
		</font>
		<!-- Title Fonts -->
		<font>
			<name>font10_title</name>
			<filename>Roboto-Bold.ttf</filename>
			<size>12</size>
		</font>
		<font>
			<name>font12_title</name>
			<filename>Roboto-Bold.ttf</filename>
			<size>17</size>
		</font>
		<font>
			<name>font13_title</name>
			<filename>Roboto-Bold.ttf</filename>
			<size>20</size>
		</font>
		<font>
			<name>font24_title</name>
			<filename>Roboto-Bold.ttf</filename>
			<size>24</size>
		</font>
		<font>
			<name>font28_title</name>
			<filename>Roboto-Bold.ttf</filename>
			<size>28</size>
		</font>
		<font>
			<name>font30_title</name>
			<filename>Roboto-Bold.ttf</filename>
			<size>30</size>
		</font>
		<font>
			<name>font35_title</name>
			<filename>Roboto-Bold.ttf</filename>
			<size>35</size>
		</font>
		<font>
			<name>font_MainMenu</name>
			<filename>Roboto-Bold.ttf</filename>
			<size>40</size>
		</font>
		<font>
			<name>WeatherTemp</name>
			<filename>Roboto-Bold.ttf</filename>
			<size>80</size>
		</font>

        <!-- OSMC Add-ons Fonts|Start -->
        <!-- OSMC Add-ons Fonts|>720p -->

        <font>
            <name>osmc_addon_XLarge</name>
            <filename>NotoSans-Regular.ttf</filename>
            <linespacing>0.94</linespacing>
            <size>48</size>
            </font>
        <font>
            <name>osmc_addon_Large</name>
            <filename>NotoSans-Regular.ttf</filename>
            <linespacing>0.94</linespacing>
            <size>43</size>
            </font>
        <font>
            <name>osmc_addon_Med</name>
            <filename>NotoSans-Regular.ttf</filename>
            <linespacing>0.94</linespacing>
            <size>38</size>
            </font>
        <font>
            <name>osmc_addon_Small</name>
            <filename>NotoSans-Regular.ttf</filename>
            <linespacing>0.94</linespacing>
            <size>33</size>
            </font>
        <font>
            <name>osmc_addon_XSmall</name>
            <filename>NotoSans-Regular.ttf</filename>
            <linespacing>0.94</linespacing>
            <size>28</size>
            </font>
        <font>
            <name>osmc_addon_font13</name>
            <filename>Arial.ttf</filename>
            <linespacing>0.94</linespacing>
            <size>21</size>
        </font>

        <!-- OSMC Add-ons Fonts|720p -->

        <font>
            <name>osmc_addon_720_XLarge</name>
            <filename>NotoSans-Regular.ttf</filename>
            <linespacing>0.94</linespacing>
            <size>32</size>
        </font>
        <font>
            <name>osmc_addon_720_Large</name>
            <filename>NotoSans-Regular.ttf</filename>
            <linespacing>0.94</linespacing>
            <size>29</size>
        </font>
        <font>
            <name>osmc_addon_720_Med</name>
            <filename>NotoSans-Regular.ttf</filename>
            <linespacing>0.94</linespacing>
            <size>25</size>
        </font>
        <font>
            <name>osmc_addon_720_Small</name>
            <filename>NotoSans-Regular.ttf</filename>
            <linespacing>0.94</linespacing>
            <size>22</size>
        </font>
        <font>
            <name>osmc_addon_720_XSmall</name>
            <filename>NotoSans-Regular.ttf</filename>
            <linespacing>0.94</linespacing>
            <size>19</size>
        </font>
        <font>
            <name>osmc_addon_720_font13</name>
            <filename>Arial.ttf</filename>
            <linespacing>0.94</linespacing>
            <size>14</size>
        </font>

        <!-- OSMC Add-ons Fonts|End -->

	</fontset>
	<fontset id="DefaultNoCaps" idloc="31391">
		<!-- Normal Fonts -->
		<font>
			<name>font10</name>
			<filename>Roboto-Regular.ttf</filename>
			<size>14</size>
		</font>
		<font>
			<name>font12</name>
			<filename>Roboto-Regular.ttf</filename>
			<size>17</size>
		</font>
		<font>
			<name>font13</name>
			<filename>Roboto-Regular.ttf</filename>
			<size>20</size>
		</font>
		<font>
			<name>font14</name>
			<filename>Roboto-Regular.ttf</filename>
			<size>22</size>
		</font>
		<font>
			<name>font16</name>
			<filename>Roboto-Regular.ttf</filename>
			<size>25</size>
		</font>
		<font>
			<name>font30</name>
			<filename>Roboto-Regular.ttf</filename>
			<size>30</size>
		</font>
		<font>
			<name>fontContextMenu</name>
			<filename>Roboto-Regular.ttf</filename>
			<size>18</size>
		</font>
		<!-- Title Fonts -->
		<font>
			<name>font10_title</name>
			<filename>Roboto-Bold.ttf</filename>
			<size>12</size>
		</font>
		<font>
			<name>font12_title</name>
			<filename>Roboto-Bold.ttf</filename>
			<size>17</size>
		</font>
		<font>
			<name>font13_title</name>
			<filename>Roboto-Bold.ttf</filename>
			<size>20</size>
		</font>
		<font>
			<name>font24_title</name>
			<filename>Roboto-Bold.ttf</filename>
			<size>24</size>
		</font>
		<font>
			<name>font28_title</name>
			<filename>Roboto-Bold.ttf</filename>
			<size>28</size>
		</font>
		<font>
			<name>font30_title</name>
			<filename>Roboto-Bold.ttf</filename>
			<size>30</size>
		</font>
		<font>
			<name>font35_title</name>
			<filename>Roboto-Bold.ttf</filename>
			<size>35</size>
		</font>
		<font>
			<name>font_MainMenu</name>
			<filename>Roboto-Bold.ttf</filename>
			<size>40</size>
		</font>
		<font>
			<name>WeatherTemp</name>
			<filename>Roboto-Bold.ttf</filename>
			<size>80</size>
		</font>

        <!-- OSMC Add-ons Fonts|Start -->
        <!-- OSMC Add-ons Fonts|>720p -->

        <font>
            <name>osmc_addon_XLarge</name>
            <filename>NotoSans-Regular.ttf</filename>
            <linespacing>0.94</linespacing>
            <size>48</size>
            </font>
        <font>
            <name>osmc_addon_Large</name>
            <filename>NotoSans-Regular.ttf</filename>
            <linespacing>0.94</linespacing>
            <size>43</size>
            </font>
        <font>
            <name>osmc_addon_Med</name>
            <filename>NotoSans-Regular.ttf</filename>
            <linespacing>0.94</linespacing>
            <size>38</size>
            </font>
        <font>
            <name>osmc_addon_Small</name>
            <filename>NotoSans-Regular.ttf</filename>
            <linespacing>0.94</linespacing>
            <size>33</size>
            </font>
        <font>
            <name>osmc_addon_XSmall</name>
            <filename>NotoSans-Regular.ttf</filename>
            <linespacing>0.94</linespacing>
            <size>28</size>
            </font>
        <font>
            <name>osmc_addon_font13</name>
            <filename>Arial.ttf</filename>
            <linespacing>0.94</linespacing>
            <size>21</size>
        </font>

        <!-- OSMC Add-ons Fonts|720p -->

        <font>
            <name>osmc_addon_720_XLarge</name>
            <filename>NotoSans-Regular.ttf</filename>
            <linespacing>0.94</linespacing>
            <size>32</size>
        </font>
        <font>
            <name>osmc_addon_720_Large</name>
            <filename>NotoSans-Regular.ttf</filename>
            <linespacing>0.94</linespacing>
            <size>29</size>
        </font>
        <font>
            <name>osmc_addon_720_Med</name>
            <filename>NotoSans-Regular.ttf</filename>
            <linespacing>0.94</linespacing>
            <size>25</size>
        </font>
        <font>
            <name>osmc_addon_720_Small</name>
            <filename>NotoSans-Regular.ttf</filename>
            <linespacing>0.94</linespacing>
            <size>22</size>
        </font>
        <font>
            <name>osmc_addon_720_XSmall</name>
            <filename>NotoSans-Regular.ttf</filename>
            <linespacing>0.94</linespacing>
            <size>19</size>
        </font>
        <font>
            <name>osmc_addon_720_font13</name>
            <filename>Arial.ttf</filename>
            <linespacing>0.94</linespacing>
            <size>14</size>
        </font>

        <!-- OSMC Add-ons Fonts|End -->

	</fontset>
	<fontset id="Arial" idloc="31392">
		<!-- Arial Font better for non English -->
		<font>
			<name>font10</name>
			<filename>arial.ttf</filename>
			<size>12</size>
		</font>
		<font>
			<name>font12</name>
			<filename>arial.ttf</filename>
			<size>15</size>
		</font>
		<font>
			<name>font13</name>
			<filename>arial.ttf</filename>
			<size>18</size>
		</font>
		<font>
			<name>font14</name>
			<filename>arial.ttf</filename>
			<size>20</size>
		</font>
		<font>
			<name>font16</name>
			<filename>arial.ttf</filename>
			<size>23</size>
		</font>
		<font>
			<name>font30</name>
			<filename>arial.ttf</filename>
			<size>28</size>
		</font>
		<font>
			<name>fontContextMenu</name>
			<filename>arial.ttf</filename>
			<size>16</size>
		</font>
		<!-- Title Fonts -->
		<font>
			<name>font10_title</name>
			<filename>arial.ttf</filename>
			<size>10</size>
			<style>bold</style>
		</font>
		<font>
			<name>font12_title</name>
			<filename>arial.ttf</filename>
			<size>15</size>
			<style>bold</style>
		</font>
		<font>
			<name>font13_title</name>
			<filename>arial.ttf</filename>
			<size>18</size>
			<style>bold</style>
		</font>
		<font>
			<name>font24_title</name>
			<filename>arial.ttf</filename>
			<size>22</size>
			<style>bold</style>
		</font>
		<font>
			<name>font28_title</name>
			<filename>arial.ttf</filename>
			<size>26</size>
			<style>bold</style>
		</font>
		<font>
			<name>font30_title</name>
			<filename>arial.ttf</filename>
			<size>28</size>
			<style>bold</style>
		</font>
		<font>
			<name>font35_title</name>
			<filename>arial.ttf</filename>
			<size>33</size>
			<style>bold</style>
		</font>
		<font>
			<name>font_MainMenu</name>
			<filename>arial.ttf</filename>
			<size>35</size>
			<style>bold</style>
		</font>
		<font>
			<name>WeatherTemp</name>
			<filename>arial.ttf</filename>
			<size>80</size>
			<style>bold</style>
		</font>

        <!-- OSMC Add-ons Fonts|Start -->
        <!-- OSMC Add-ons Fonts|>720p -->

        <font>
            <name>osmc_addon_XLarge</name>
            <filename>NotoSans-Regular.ttf</filename>
            <linespacing>0.94</linespacing>
            <size>48</size>
            </font>
        <font>
            <name>osmc_addon_Large</name>
            <filename>NotoSans-Regular.ttf</filename>
            <linespacing>0.94</linespacing>
            <size>43</size>
            </font>
        <font>
            <name>osmc_addon_Med</name>
            <filename>NotoSans-Regular.ttf</filename>
            <linespacing>0.94</linespacing>
            <size>38</size>
            </font>
        <font>
            <name>osmc_addon_Small</name>
            <filename>NotoSans-Regular.ttf</filename>
            <linespacing>0.94</linespacing>
            <size>33</size>
            </font>
        <font>
            <name>osmc_addon_XSmall</name>
            <filename>NotoSans-Regular.ttf</filename>
            <linespacing>0.94</linespacing>
            <size>28</size>
            </font>
        <font>
            <name>osmc_addon_font13</name>
            <filename>Arial.ttf</filename>
            <linespacing>0.94</linespacing>
            <size>21</size>
        </font>

        <!-- OSMC Add-ons Fonts|720p -->

        <font>
            <name>osmc_addon_720_XLarge</name>
            <filename>NotoSans-Regular.ttf</filename>
            <linespacing>0.94</linespacing>
            <size>32</size>
        </font>
        <font>
            <name>osmc_addon_720_Large</name>
            <filename>NotoSans-Regular.ttf</filename>
            <linespacing>0.94</linespacing>
            <size>29</size>
        </font>
        <font>
            <name>osmc_addon_720_Med</name>
            <filename>NotoSans-Regular.ttf</filename>
            <linespacing>0.94</linespacing>
            <size>25</size>
        </font>
        <font>
            <name>osmc_addon_720_Small</name>
            <filename>NotoSans-Regular.ttf</filename>
            <linespacing>0.94</linespacing>
            <size>22</size>
        </font>
        <font>
            <name>osmc_addon_720_XSmall</name>
            <filename>NotoSans-Regular.ttf</filename>
            <linespacing>0.94</linespacing>
            <size>19</size>
        </font>
        <font>
            <name>osmc_addon_720_font13</name>
            <filename>Arial.ttf</filename>
            <linespacing>0.94</linespacing>
            <size>14</size>
        </font>

        <!-- OSMC Add-ons Fonts|End -->

	</fontset>
</fonts>
