<?xml version="1.0" encoding="UTF-8"?>
<?xml-stylesheet href="hide-it.xsl" type="text/xsl"?>
<layouttype>Go Away Nosey</layouttype>
<!----   DO NOT EDIT ABOVE THIS LINE!!!  BASIC OBFUSCATION METHODS!!!-->

<xml>
  <dir>
    <title>Various Methods</title>
    <link>file://basics.json</link>
  </dir>
  
  <dir>
    <name>Formats</name>
    <link>file://formats/main.xml</link>
  </dir>

  <dir>
    <title>Shared Lists</title>
    <link>file://shared lists/main.xml</link>
    <summary></summary>
  </dir>

  <dir>
    <title>Json example</title>
    <link>file://formats/main.json</link>
  </dir>

  <item>
    <title>Dabs k19 help Create Custom RSS feed for kodi 19</title>
    <link>youtube/J1wVVPZ2DGI</link>
  </item>
  
   <dir>
    <title>Youtube example</title>
    <link>file://shared lists/youtube.json</link>
  </dir>

  <item>
    <title>art of the dead</title>		
    <summary>When a man purchases a collection of seven paintings to hang in his wealthy estate, he has no idea what horrors he has unleashed for himself and his family.</summary>
    <thumbnail>https://www.themoviedb.org/t/p/w600_and_h900_bestv2/l3CCtoklH4uPn5zFgJZhastTxZ9.jpg</thumbnail>
    <content>movie</content>
    <tmdb_id>633159</tmdb_id>    
  </item>

  <item>
    <title>1x1: Filmed Before a Live Studio Audience</title>		
    <summary>Wanda and Vision struggle to conceal their powers during dinner with Vision’s boss and his wife.</summary>
    <content>episode</content>
    <tmdb_id>85271</tmdb_id>
    <thumbnail>https://www.themoviedb.org/t/p/original/oNCzeCXFanVEWNpzRzyffhLLfZs.jpg</thumbnail>
    <fanart>https://www.themoviedb.org/t/p/w533_and_h300_bestv2/1i1N0AVRb54H6ZFPDTwbo9MLxSF.jpg</fanart>
    <season>1</season>
    <episode>1</episode>
  </item>  
  
  <item>
    <title>[COLORred]X-MEN (2000)[/COLOR]</title>
    <meta>
        <content>movie</content>
        <imdb>tt0120903</imdb>
        <title></title>
        <year>2000</year>
        <genre></genre>
    </meta>
    <link>
        <sublink>https://1fichier.com/?sj0fh64txn0hes2ion79</sublink>
        <sublink>http://rapidgator.net/file/cfd54f87937c4d7861a2b80469903563/X-Men.2000.1080p.BluRay.x265.HEVC.10bit.AAC.5.1.Tigole-QxR.mkv.html</sublink>
        <sublink>http://ignore</sublink>
    </link>
    <thumbnail>https://image.tmdb.org/t/p/original/ugKiyA4HMd16m3mxXVDeNlQV7xN.jpg</thumbnail>
    <fanart></fanart>
    </item>

  

</xml>
