<?xml version="1.0" encoding="UTF-8" standalone="yes"?>
<addon id="plugin.audio.prb-radio" name="PRB Radio" version="1.0.1" provider-name="Phantom Raspberry Blower">
  <requires>
    <import addon="xbmc.python" version="3.0.0"/>
  </requires>
  <extension point="xbmc.python.pluginsource" library="addon.py">
    <provides>audio</provides>
  </extension>
  <extension point="xbmc.addon.metadata">
    <summary lang="en_GB">Stream music from PRB Radio</summary>
    <summary lang="de_DE">Musik von PRB Radio streamen</summary>
    <summary lang="es_ES">Transmitir música desde PRB Radio</summary>
    <summary lang="fr_FR">Diffuser de la musique depuis PRB Radio</summary>
    <summary lang="it_IT">Musica in streaming da PRB Radio</summary>
    <description lang="en_GB">PRB Radio is an online radio show produced by Phantom Raspberry Blower offering Blues, Gospel, Jazz, Soul, Reggae, Funk and Hip-Hop to music lovers who get sick of hearing the same old songs played over and over again by commercial radio stations.</description>
    <description lang="de_DE">PRB Radio ist eine von Phantom Raspberry Blower produzierte Online-Radiosendung mit Blues, Gospel, Jazz, Soul, Reggae, Funk und Hip-Hop für Musikliebhaber, die es satt haben, immer wieder dieselben alten Songs von kommerziellen Radiosendern zu hören.</description>
    <description lang="es_ES">PRB Radio es un programa de radio en línea producido por Phantom Raspberry Blower que ofrece Blues, Gospel, Jazz, Soul, Reggae, Funk y Hip-Hop a los amantes de la música que se cansan de escuchar las mismas viejas canciones reproducidas una y otra vez por estaciones de radio comerciales.</description>
    <description lang="fr_FR">PRB Radio est une émission de radio en ligne produite par Phantom Raspberry Blower proposant du blues, du gospel, du jazz, de la soul, du reggae, du funk et du hip-hop aux mélomanes qui en ont marre d'entendre les mêmes vieilles chansons jouées encore et encore par les stations de radio commerciales.</description>
    <description lang="it_IT">PRB Radio è un programma radiofonico online prodotto da Phantom Raspberry Blower che offre Blues, Gospel, Jazz, Soul, Reggae, Funk e Hip-Hop agli amanti della musica che si stancano di ascoltare le stesse vecchie canzoni riprodotte più e più volte dalle stazioni radio commerciali.</description>
    <disclaimer lang="en_GB">[COLOR red][B]Phantom Raspberry Blower[/B][/COLOR] This addon is for testing purposes only and accepts no responsibility for the included addon.</disclaimer>
    <disclaimer lang="de_DE">[COLOR red][B]Phantom Raspberry Blower[/B][/COLOR] Dieses Addon dient nur zu Testzwecken und übernimmt keine Verantwortung für das mitgelieferte Addon.</disclaimer>
    <disclaimer lang="es_ES">[COLOR red][B] Phantom Raspberry Blower[/ B][/ COLOR] Este complemento es solo para fines de prueba y no acepta ninguna responsabilidad por el complemento incluido.</disclaimer>
    <disclaimer lang="fr_FR">[COLOR red][B]Phantom Raspberry Blower[/B][/COLOR] Cet addon est uniquement à des fins de test et n'accepte aucune responsabilité pour l'addon inclus.</disclaimer>
    <disclaimer lang="it_IT">[COLOR red][B]Phantom Raspberry Blower[/B][/COLOR] Questo componente aggiuntivo è solo a scopo di test e non si assume alcuna responsabilità per il componente aggiuntivo incluso.</disclaimer>
    <platform>all</platform>
    <language>en de fr es it</language>
    <license>GPL-2.0-or-later</license>
    <forum></forum>
    <website></website>
    <lifecyclestate type="normal" lang="en_GB">Works with Kodi v19 (matrix)</lifecyclestate>
    <lifecyclestate type="normal" lang="de_DE">Funktioniert mit Kodi v19 (matrix)</lifecyclestate>
    <lifecyclestate type="normal" lang="es_ES">Funciona con Kodi v19 (matrix)</lifecyclestate>
    <lifecyclestate type="normal" lang="fr_FR">Fonctionne avec Kodi v19 (matrix)</lifecyclestate>
    <lifecyclestate type="normal" lang="it_IT">Funziona con Kodi v19 (matrix)</lifecyclestate>
    <broken></broken>
    <email></email>
    <assets>
      <icon>resources/icon.png</icon>
      <fanart>resources/fanart.jpg</fanart>
      <banner>resources/banner.jpg</banner>
      <screenshot>resources/media/screenshot000.jpg</screenshot>
      <screenshot>resources/media/screenshot001.jpg</screenshot>
      <screenshot>resources/media/screenshot002.jpg</screenshot>
      <screenshot>resources/media/screenshot003.jpg</screenshot>
      <screenshot>resources/media/screenshot004.jpg</screenshot>
      <screenshot>resources/media/screenshot005.jpg</screenshot>
      <screenshot>resources/media/screenshot006.jpg</screenshot>
    </assets>
    <reuselanguageinvoker>true</reuselanguageinvoker>
    <news lang="en_GB">Updated to Kodi v19 (matrix) and code to Python 3.</news>
    <news lang="de_DE">Aktualisiert auf Kodi v19 (matrix) und Code auf Python 3.</news>
    <news lang="es_ES">Actualizada a Kodi v19 (matrix) y código a Python 3.</news>
    <news lang="fr_FR">Mise à jour vers Kodi v19 (matrix) et code vers Python 3.</news>
    <news lang="it_IT">Aggiornato a Kodi v19 (matrix) e codice a Python 3.</news>
    <source>https://github.com/PhantomRaspberryBlower/repository.prb-entertainment-pack-matrix/tree/master/plugin.video.prb-radio</source>
  </extension>
</addon>
