<?xml version="1.0" encoding="UTF-8" standalone="yes"?>
<addon id="script.exodus.metadata" version="10.0.0" name="Exodus Metadata" provider-name="Exodus">
	<requires>
		<import addon="xbmc.python" version="3.0.0"/>
	</requires>
	<extension point="xbmc.python.module" library="lib" />
	<extension point="xbmc.addon.metadata">
		<summary>Metadata for the Exodus Addon</summary>
		<description>Metadata for Exodus are maintained separately to make distribution of the the addon itself easier/faster.</description>
		<platform>all</platform>
	</extension>
</addon>
